Journalist,20250205075845
create a link,20250205070011
Jordan's Burritos,20250205075846
Welcome,20250205070010
Labourer,20250205075847
Summary,20250205075848
Work,20250205075849
Economics,20250205075850
People,20250205070012
Podcast,20250205075851
Thatcher,20250205075852
Trade Unions,20250205075853
Jean Chr√©tien,20250205075854
Canada,20250205075855
Jim Stanford,20250205075856
Reagan,20250205075857
Capitalist,20250205075858
Job,20250205070014
Protest,20250205070015
Migrant,20250205075859
Burritos,20250205075860
